staff_id,date,status,remarks
1,2025-12-10,present,
1,2025-12-09,leave,Festival
1,2025-12-08,present,
1,2025-12-07,present,
1,2025-12-06,present,
1,2025-12-05,present,
1,2025-12-04,present,
1,2025-12-03,present,
1,2025-12-02,absent,Sick
1,2025-12-01,present,
1,2025-11-30,leave,Medical
1,2025-11-29,present,
1,2025-11-28,present,
1,2025-11-27,present,
1,2025-11-26,present,
1,2025-11-25,present,
1,2025-11-24,present,
1,2025-11-23,present,
1,2025-11-22,absent,
1,2025-11-21,present,
1,2025-11-20,present,
1,2025-11-19,present,
1,2025-11-18,leave,Family
1,2025-11-17,present,
1,2025-11-16,present,
1,2025-11-15,absent,Sick
1,2025-11-14,present,
1,2025-11-13,present,
1,2025-11-12,present,
1,2025-11-11,present,
1,2025-11-10,present,
1,2025-11-09,present,
1,2025-11-08,present,
1,2025-11-07,present,
1,2025-11-06,present,
1,2025-11-05,present,
1,2025-11-04,present,
1,2025-11-03,present,
1,2025-11-02,present,
1,2025-11-01,present,
1,2025-10-31,present,
1,2025-10-30,present,
1,2025-10-29,present,
1,2025-10-28,absent,Medical
1,2025-10-27,present,
1,2025-10-26,half_day,
1,2025-10-25,absent,Sick
1,2025-10-24,present,
1,2025-10-23,present,
1,2025-10-22,present,
1,2025-10-21,present,
1,2025-10-20,absent,
1,2025-10-19,present,
1,2025-10-18,present,
1,2025-10-17,present,
1,2025-10-16,present,
1,2025-10-15,half_day,
1,2025-10-14,present,
1,2025-10-13,present,
1,2025-10-12,present,
1,2025-10-11,present,
1,2025-10-10,absent,Sick
1,2025-10-09,present,
1,2025-10-08,present,
1,2025-10-07,present,
1,2025-10-06,present,
1,2025-10-05,present,
1,2025-10-04,present,
1,2025-10-03,present,
1,2025-10-02,present,
1,2025-10-01,present,
1,2025-09-30,present,
1,2025-09-29,present,
1,2025-09-28,present,
1,2025-09-27,present,
1,2025-09-26,present,
1,2025-09-25,absent,Emergency
1,2025-09-24,leave,Medical
1,2025-09-23,present,
1,2025-09-22,present,
1,2025-09-21,present,
1,2025-09-20,present,
1,2025-09-19,absent,
1,2025-09-18,present,
1,2025-09-17,half_day,
1,2025-09-16,present,
1,2025-09-15,present,
1,2025-09-14,present,
1,2025-09-13,present,
1,2025-09-12,present,
2,2025-12-10,present,
2,2025-12-09,present,
2,2025-12-08,absent,Medical
2,2025-12-07,leave,Festival
2,2025-12-06,present,
2,2025-12-05,present,
2,2025-12-04,present,
2,2025-12-03,present,
2,2025-12-02,half_day,
2,2025-12-01,present,
2,2025-11-30,present,
2,2025-11-29,present,
2,2025-11-28,present,
2,2025-11-27,absent,Emergency
2,2025-11-26,present,
2,2025-11-25,present,
2,2025-11-24,present,
2,2025-11-23,present,
2,2025-11-22,present,
2,2025-11-21,absent,Sick
2,2025-11-20,present,
2,2025-11-19,present,
2,2025-11-18,present,
2,2025-11-17,present,
2,2025-11-16,present,
2,2025-11-15,half_day,
2,2025-11-14,present,
2,2025-11-13,half_day,
2,2025-11-12,half_day,
2,2025-11-11,present,
2,2025-11-10,absent,Sick
2,2025-11-09,present,
2,2025-11-08,present,
2,2025-11-07,absent,
2,2025-11-06,present,
2,2025-11-05,half_day,
2,2025-11-04,present,
2,2025-11-03,present,
2,2025-11-02,absent,Emergency
2,2025-11-01,absent,Emergency
2,2025-10-31,half_day,
2,2025-10-30,present,
2,2025-10-29,absent,Medical
2,2025-10-28,present,
2,2025-10-27,present,
2,2025-10-26,present,
2,2025-10-25,present,
2,2025-10-24,present,
2,2025-10-23,present,
2,2025-10-22,present,
2,2025-10-21,present,
2,2025-10-20,present,
2,2025-10-19,present,
2,2025-10-18,present,
2,2025-10-17,present,
2,2025-10-16,present,
2,2025-10-15,present,
2,2025-10-14,present,
2,2025-10-13,present,
2,2025-10-12,present,
2,2025-10-11,present,
2,2025-10-10,present,
2,2025-10-09,present,
2,2025-10-08,leave,Medical
2,2025-10-07,present,
2,2025-10-06,present,
2,2025-10-05,present,
2,2025-10-04,present,
2,2025-10-03,present,
2,2025-10-02,present,
2,2025-10-01,present,
2,2025-09-30,present,
2,2025-09-29,present,
2,2025-09-28,present,
2,2025-09-27,present,
2,2025-09-26,present,
2,2025-09-25,leave,Family
2,2025-09-24,half_day,
2,2025-09-23,present,
2,2025-09-22,present,
2,2025-09-21,half_day,
2,2025-09-20,present,
2,2025-09-19,present,
2,2025-09-18,leave,Personal
2,2025-09-17,present,
2,2025-09-16,present,
2,2025-09-15,present,
2,2025-09-14,present,
2,2025-09-13,present,
2,2025-09-12,present,
3,2025-12-10,present,
3,2025-12-09,present,
3,2025-12-08,present,
3,2025-12-07,present,
3,2025-12-06,leave,Personal
3,2025-12-05,present,
3,2025-12-04,present,
3,2025-12-03,absent,
3,2025-12-02,half_day,
3,2025-12-01,present,
3,2025-11-30,absent,
3,2025-11-29,present,
3,2025-11-28,present,
3,2025-11-27,present,
3,2025-11-26,present,
3,2025-11-25,present,
3,2025-11-24,present,
3,2025-11-23,present,
3,2025-11-22,absent,Sick
3,2025-11-21,present,
3,2025-11-20,present,
3,2025-11-19,present,
3,2025-11-18,present,
3,2025-11-17,present,
3,2025-11-16,present,
3,2025-11-15,absent,
3,2025-11-14,present,
3,2025-11-13,present,
3,2025-11-12,present,
3,2025-11-11,present,
3,2025-11-10,present,
3,2025-11-09,present,
3,2025-11-08,leave,Family
3,2025-11-07,present,
3,2025-11-06,present,
3,2025-11-05,present,
3,2025-11-04,present,
3,2025-11-03,present,
3,2025-11-02,present,
3,2025-11-01,present,
3,2025-10-31,present,
3,2025-10-30,present,
3,2025-10-29,present,
3,2025-10-28,present,
3,2025-10-27,present,
3,2025-10-26,present,
3,2025-10-25,present,
3,2025-10-24,present,
3,2025-10-23,present,
3,2025-10-22,half_day,
3,2025-10-21,absent,
3,2025-10-20,present,
3,2025-10-19,present,
3,2025-10-18,present,
3,2025-10-17,present,
3,2025-10-16,absent,Medical
3,2025-10-15,absent,Medical
3,2025-10-14,present,
3,2025-10-13,present,
3,2025-10-12,present,
3,2025-10-11,present,
3,2025-10-10,present,
3,2025-10-09,present,
3,2025-10-08,present,
3,2025-10-07,present,
3,2025-10-06,present,
3,2025-10-05,present,
3,2025-10-04,present,
3,2025-10-03,half_day,
3,2025-10-02,present,
3,2025-10-01,present,
3,2025-09-30,present,
3,2025-09-29,present,
3,2025-09-28,present,
3,2025-09-27,present,
3,2025-09-26,present,
3,2025-09-25,present,
3,2025-09-24,present,
3,2025-09-23,present,
3,2025-09-22,present,
3,2025-09-21,present,
3,2025-09-20,absent,Emergency
3,2025-09-19,present,
3,2025-09-18,present,
3,2025-09-17,present,
3,2025-09-16,present,
3,2025-09-15,present,
3,2025-09-14,present,
3,2025-09-13,present,
3,2025-09-12,present,
4,2025-12-10,present,
4,2025-12-09,absent,
4,2025-12-08,present,
4,2025-12-07,absent,Emergency
4,2025-12-06,present,
4,2025-12-05,absent,Sick
4,2025-12-04,present,
4,2025-12-03,present,
4,2025-12-02,leave,Personal
4,2025-12-01,present,
4,2025-11-30,present,
4,2025-11-29,present,
4,2025-11-28,present,
4,2025-11-27,present,
4,2025-11-26,present,
4,2025-11-25,absent,Sick
4,2025-11-24,present,
4,2025-11-23,present,
4,2025-11-22,present,
4,2025-11-21,present,
4,2025-11-20,present,
4,2025-11-19,leave,Medical
4,2025-11-18,present,
4,2025-11-17,present,
4,2025-11-16,present,
4,2025-11-15,leave,Medical
4,2025-11-14,present,
4,2025-11-13,present,
4,2025-11-12,present,
4,2025-11-11,absent,Emergency
4,2025-11-10,present,
4,2025-11-09,present,
4,2025-11-08,present,
4,2025-11-07,present,
4,2025-11-06,present,
4,2025-11-05,present,
4,2025-11-04,present,
4,2025-11-03,present,
4,2025-11-02,absent,
4,2025-11-01,present,
4,2025-10-31,present,
4,2025-10-30,present,
4,2025-10-29,present,
4,2025-10-28,present,
4,2025-10-27,present,
4,2025-10-26,present,
4,2025-10-25,present,
4,2025-10-24,present,
4,2025-10-23,present,
4,2025-10-22,present,
4,2025-10-21,absent,Medical
4,2025-10-20,present,
4,2025-10-19,leave,Medical
4,2025-10-18,present,
4,2025-10-17,present,
4,2025-10-16,present,
4,2025-10-15,absent,
4,2025-10-14,present,
4,2025-10-13,present,
4,2025-10-12,present,
4,2025-10-11,present,
4,2025-10-10,present,
4,2025-10-09,absent,Emergency
4,2025-10-08,present,
4,2025-10-07,present,
4,2025-10-06,present,
4,2025-10-05,present,
4,2025-10-04,present,
4,2025-10-03,present,
4,2025-10-02,present,
4,2025-10-01,present,
4,2025-09-30,present,
4,2025-09-29,present,
4,2025-09-28,present,
4,2025-09-27,present,
4,2025-09-26,present,
4,2025-09-25,present,
4,2025-09-24,present,
4,2025-09-23,present,
4,2025-09-22,present,
4,2025-09-21,present,
4,2025-09-20,present,
4,2025-09-19,absent,Medical
4,2025-09-18,present,
4,2025-09-17,leave,Personal
4,2025-09-16,present,
4,2025-09-15,present,
4,2025-09-14,present,
4,2025-09-13,absent,Medical
4,2025-09-12,present,
5,2025-12-10,present,
5,2025-12-09,present,
5,2025-12-08,leave,Personal
5,2025-12-07,present,
5,2025-12-06,present,
5,2025-12-05,present,
5,2025-12-04,present,
5,2025-12-03,present,
5,2025-12-02,present,
5,2025-12-01,present,
5,2025-11-30,present,
5,2025-11-29,leave,Festival
5,2025-11-28,present,
5,2025-11-27,present,
5,2025-11-26,present,
5,2025-11-25,present,
5,2025-11-24,present,
5,2025-11-23,present,
5,2025-11-22,present,
5,2025-11-21,present,
5,2025-11-20,present,
5,2025-11-19,present,
5,2025-11-18,present,
5,2025-11-17,present,
5,2025-11-16,half_day,
5,2025-11-15,present,
5,2025-11-14,present,
5,2025-11-13,present,
5,2025-11-12,present,
5,2025-11-11,present,
5,2025-11-10,absent,
5,2025-11-09,absent,Emergency
5,2025-11-08,present,
5,2025-11-07,half_day,
5,2025-11-06,present,
5,2025-11-05,present,
5,2025-11-04,present,
5,2025-11-03,present,
5,2025-11-02,present,
5,2025-11-01,present,
5,2025-10-31,present,
5,2025-10-30,present,
5,2025-10-29,half_day,
5,2025-10-28,present,
5,2025-10-27,present,
5,2025-10-26,present,
5,2025-10-25,present,
5,2025-10-24,present,
5,2025-10-23,present,
5,2025-10-22,present,
5,2025-10-21,present,
5,2025-10-20,present,
5,2025-10-19,present,
5,2025-10-18,present,
5,2025-10-17,present,
5,2025-10-16,present,
5,2025-10-15,present,
5,2025-10-14,present,
5,2025-10-13,present,
5,2025-10-12,present,
5,2025-10-11,present,
5,2025-10-10,present,
5,2025-10-09,present,
5,2025-10-08,present,
5,2025-10-07,present,
5,2025-10-06,absent,
5,2025-10-05,leave,Medical
5,2025-10-04,present,
5,2025-10-03,present,
5,2025-10-02,present,
5,2025-10-01,half_day,
5,2025-09-30,present,
5,2025-09-29,present,
5,2025-09-28,present,
5,2025-09-27,absent,Sick
5,2025-09-26,present,
5,2025-09-25,leave,Personal
5,2025-09-24,present,
5,2025-09-23,absent,Sick
5,2025-09-22,present,
5,2025-09-21,present,
5,2025-09-20,present,
5,2025-09-19,present,
5,2025-09-18,present,
5,2025-09-17,present,
5,2025-09-16,present,
5,2025-09-15,present,
5,2025-09-14,present,
5,2025-09-13,absent,Medical
5,2025-09-12,present,
6,2025-12-10,present,
6,2025-12-09,present,
6,2025-12-08,present,
6,2025-12-07,half_day,
6,2025-12-06,half_day,
6,2025-12-05,present,
6,2025-12-04,leave,Festival
6,2025-12-03,present,
6,2025-12-02,present,
6,2025-12-01,present,
6,2025-11-30,present,
6,2025-11-29,present,
6,2025-11-28,present,
6,2025-11-27,present,
6,2025-11-26,leave,Festival
6,2025-11-25,present,
6,2025-11-24,present,
6,2025-11-23,present,
6,2025-11-22,present,
6,2025-11-21,present,
6,2025-11-20,present,
6,2025-11-19,present,
6,2025-11-18,half_day,
6,2025-11-17,absent,Sick
6,2025-11-16,present,
6,2025-11-15,present,
6,2025-11-14,present,
6,2025-11-13,present,
6,2025-11-12,present,
6,2025-11-11,present,
6,2025-11-10,present,
6,2025-11-09,present,
6,2025-11-08,present,
6,2025-11-07,present,
6,2025-11-06,present,
6,2025-11-05,present,
6,2025-11-04,present,
6,2025-11-03,present,
6,2025-11-02,present,
6,2025-11-01,present,
6,2025-10-31,present,
6,2025-10-30,present,
6,2025-10-29,absent,
6,2025-10-28,present,
6,2025-10-27,leave,Family
6,2025-10-26,present,
6,2025-10-25,present,
6,2025-10-24,present,
6,2025-10-23,present,
6,2025-10-22,present,
6,2025-10-21,present,
6,2025-10-20,half_day,
6,2025-10-19,present,
6,2025-10-18,present,
6,2025-10-17,half_day,
6,2025-10-16,absent,Sick
6,2025-10-15,leave,Personal
6,2025-10-14,present,
6,2025-10-13,present,
6,2025-10-12,present,
6,2025-10-11,present,
6,2025-10-10,present,
6,2025-10-09,present,
6,2025-10-08,present,
6,2025-10-07,present,
6,2025-10-06,present,
6,2025-10-05,half_day,
6,2025-10-04,present,
6,2025-10-03,present,
6,2025-10-02,half_day,
6,2025-10-01,absent,Sick
6,2025-09-30,present,
6,2025-09-29,present,
6,2025-09-28,present,
6,2025-09-27,absent,
6,2025-09-26,half_day,
6,2025-09-25,present,
6,2025-09-24,leave,Family
6,2025-09-23,present,
6,2025-09-22,present,
6,2025-09-21,absent,Medical
6,2025-09-20,absent,Sick
6,2025-09-19,present,
6,2025-09-18,present,
6,2025-09-17,present,
6,2025-09-16,present,
6,2025-09-15,present,
6,2025-09-14,present,
6,2025-09-13,leave,Personal
6,2025-09-12,present,
7,2025-12-10,present,
7,2025-12-09,present,
7,2025-12-08,present,
7,2025-12-07,leave,Festival
7,2025-12-06,present,
7,2025-12-05,present,
7,2025-12-04,leave,Family
7,2025-12-03,present,
7,2025-12-02,present,
7,2025-12-01,present,
7,2025-11-30,absent,Medical
7,2025-11-29,present,
7,2025-11-28,present,
7,2025-11-27,present,
7,2025-11-26,leave,Medical
7,2025-11-25,present,
7,2025-11-24,present,
7,2025-11-23,present,
7,2025-11-22,present,
7,2025-11-21,present,
7,2025-11-20,half_day,
7,2025-11-19,present,
7,2025-11-18,present,
7,2025-11-17,present,
7,2025-11-16,present,
7,2025-11-15,present,
7,2025-11-14,present,
7,2025-11-13,present,
7,2025-11-12,present,
7,2025-11-11,present,
7,2025-11-10,present,
7,2025-11-09,present,
7,2025-11-08,present,
7,2025-11-07,present,
7,2025-11-06,present,
7,2025-11-05,present,
7,2025-11-04,present,
7,2025-11-03,present,
7,2025-11-02,leave,Personal
7,2025-11-01,present,
7,2025-10-31,present,
7,2025-10-30,present,
7,2025-10-29,absent,Emergency
7,2025-10-28,present,
7,2025-10-27,present,
7,2025-10-26,present,
7,2025-10-25,present,
7,2025-10-24,half_day,
7,2025-10-23,absent,
7,2025-10-22,present,
7,2025-10-21,leave,Personal
7,2025-10-20,present,
7,2025-10-19,present,
7,2025-10-18,present,
7,2025-10-17,present,
7,2025-10-16,present,
7,2025-10-15,present,
7,2025-10-14,present,
7,2025-10-13,present,
7,2025-10-12,leave,Medical
7,2025-10-11,present,
7,2025-10-10,present,
7,2025-10-09,present,
7,2025-10-08,present,
7,2025-10-07,absent,Sick
7,2025-10-06,present,
7,2025-10-05,present,
7,2025-10-04,present,
7,2025-10-03,present,
7,2025-10-02,present,
7,2025-10-01,present,
7,2025-09-30,present,
7,2025-09-29,present,
7,2025-09-28,present,
7,2025-09-27,present,
7,2025-09-26,present,
7,2025-09-25,present,
7,2025-09-24,present,
7,2025-09-23,present,
7,2025-09-22,present,
7,2025-09-21,present,
7,2025-09-20,present,
7,2025-09-19,present,
7,2025-09-18,present,
7,2025-09-17,present,
7,2025-09-16,present,
7,2025-09-15,absent,Sick
7,2025-09-14,present,
7,2025-09-13,present,
7,2025-09-12,present,
8,2025-12-10,present,
8,2025-12-09,present,
8,2025-12-08,present,
8,2025-12-07,absent,Sick
8,2025-12-06,absent,Medical
8,2025-12-05,present,
8,2025-12-04,present,
8,2025-12-03,present,
8,2025-12-02,present,
8,2025-12-01,leave,Family
8,2025-11-30,present,
8,2025-11-29,present,
8,2025-11-28,present,
8,2025-11-27,present,
8,2025-11-26,present,
8,2025-11-25,present,
8,2025-11-24,present,
8,2025-11-23,present,
8,2025-11-22,present,
8,2025-11-21,half_day,
8,2025-11-20,present,
8,2025-11-19,present,
8,2025-11-18,present,
8,2025-11-17,half_day,
8,2025-11-16,leave,Family
8,2025-11-15,present,
8,2025-11-14,present,
8,2025-11-13,present,
8,2025-11-12,present,
8,2025-11-11,present,
8,2025-11-10,present,
8,2025-11-09,present,
8,2025-11-08,present,
8,2025-11-07,present,
8,2025-11-06,half_day,
8,2025-11-05,present,
8,2025-11-04,half_day,
8,2025-11-03,present,
8,2025-11-02,present,
8,2025-11-01,present,
8,2025-10-31,present,
8,2025-10-30,half_day,
8,2025-10-29,present,
8,2025-10-28,present,
8,2025-10-27,present,
8,2025-10-26,present,
8,2025-10-25,present,
8,2025-10-24,present,
8,2025-10-23,present,
8,2025-10-22,present,
8,2025-10-21,present,
8,2025-10-20,absent,Medical
8,2025-10-19,leave,Family
8,2025-10-18,leave,Festival
8,2025-10-17,present,
8,2025-10-16,present,
8,2025-10-15,present,
8,2025-10-14,present,
8,2025-10-13,present,
8,2025-10-12,present,
8,2025-10-11,half_day,
8,2025-10-10,present,
8,2025-10-09,present,
8,2025-10-08,present,
8,2025-10-07,present,
8,2025-10-06,present,
8,2025-10-05,present,
8,2025-10-04,half_day,
8,2025-10-03,absent,
8,2025-10-02,absent,Emergency
8,2025-10-01,present,
8,2025-09-30,present,
8,2025-09-29,present,
8,2025-09-28,present,
8,2025-09-27,present,
8,2025-09-26,present,
8,2025-09-25,present,
8,2025-09-24,half_day,
8,2025-09-23,leave,Personal
8,2025-09-22,present,
8,2025-09-21,absent,Emergency
8,2025-09-20,present,
8,2025-09-19,present,
8,2025-09-18,present,
8,2025-09-17,present,
8,2025-09-16,present,
8,2025-09-15,present,
8,2025-09-14,present,
8,2025-09-13,present,
8,2025-09-12,present,
9,2025-12-10,present,
9,2025-12-09,absent,Sick
9,2025-12-08,present,
9,2025-12-07,present,
9,2025-12-06,present,
9,2025-12-05,present,
9,2025-12-04,present,
9,2025-12-03,present,
9,2025-12-02,present,
9,2025-12-01,half_day,
9,2025-11-30,present,
9,2025-11-29,present,
9,2025-11-28,present,
9,2025-11-27,absent,Sick
9,2025-11-26,present,
9,2025-11-25,present,
9,2025-11-24,present,
9,2025-11-23,present,
9,2025-11-22,present,
9,2025-11-21,present,
9,2025-11-20,present,
9,2025-11-19,present,
9,2025-11-18,present,
9,2025-11-17,present,
9,2025-11-16,present,
9,2025-11-15,present,
9,2025-11-14,present,
9,2025-11-13,present,
9,2025-11-12,absent,Sick
9,2025-11-11,present,
9,2025-11-10,present,
9,2025-11-09,present,
9,2025-11-08,present,
9,2025-11-07,present,
9,2025-11-06,leave,Medical
9,2025-11-05,absent,Emergency
9,2025-11-04,present,
9,2025-11-03,half_day,
9,2025-11-02,present,
9,2025-11-01,present,
9,2025-10-31,present,
9,2025-10-30,present,
9,2025-10-29,present,
9,2025-10-28,present,
9,2025-10-27,leave,Medical
9,2025-10-26,leave,Personal
9,2025-10-25,present,
9,2025-10-24,present,
9,2025-10-23,present,
9,2025-10-22,present,
9,2025-10-21,present,
9,2025-10-20,present,
9,2025-10-19,present,
9,2025-10-18,present,
9,2025-10-17,present,
9,2025-10-16,present,
9,2025-10-15,present,
9,2025-10-14,present,
9,2025-10-13,present,
9,2025-10-12,present,
9,2025-10-11,present,
9,2025-10-10,present,
9,2025-10-09,present,
9,2025-10-08,half_day,
9,2025-10-07,present,
9,2025-10-06,present,
9,2025-10-05,present,
9,2025-10-04,present,
9,2025-10-03,present,
9,2025-10-02,present,
9,2025-10-01,present,
9,2025-09-30,present,
9,2025-09-29,absent,Emergency
9,2025-09-28,present,
9,2025-09-27,leave,Festival
9,2025-09-26,present,
9,2025-09-25,absent,Medical
9,2025-09-24,present,
9,2025-09-23,present,
9,2025-09-22,present,
9,2025-09-21,present,
9,2025-09-20,present,
9,2025-09-19,absent,Medical
9,2025-09-18,present,
9,2025-09-17,present,
9,2025-09-16,leave,Personal
9,2025-09-15,present,
9,2025-09-14,present,
9,2025-09-13,present,
9,2025-09-12,leave,Family
10,2025-12-10,present,
10,2025-12-09,leave,Medical
10,2025-12-08,present,
10,2025-12-07,present,
10,2025-12-06,present,
10,2025-12-05,present,
10,2025-12-04,absent,Medical
10,2025-12-03,present,
10,2025-12-02,present,
10,2025-12-01,present,
10,2025-11-30,absent,Medical
10,2025-11-29,present,
10,2025-11-28,half_day,
10,2025-11-27,leave,Festival
10,2025-11-26,present,
10,2025-11-25,leave,Festival
10,2025-11-24,present,
10,2025-11-23,present,
10,2025-11-22,present,
10,2025-11-21,present,
10,2025-11-20,absent,Emergency
10,2025-11-19,present,
10,2025-11-18,leave,Personal
10,2025-11-17,present,
10,2025-11-16,present,
10,2025-11-15,leave,Personal
10,2025-11-14,present,
10,2025-11-13,present,
10,2025-11-12,present,
10,2025-11-11,present,
10,2025-11-10,present,
10,2025-11-09,present,
10,2025-11-08,present,
10,2025-11-07,present,
10,2025-11-06,present,
10,2025-11-05,present,
10,2025-11-04,present,
10,2025-11-03,present,
10,2025-11-02,absent,Emergency
10,2025-11-01,present,
10,2025-10-31,absent,Medical
10,2025-10-30,present,
10,2025-10-29,present,
10,2025-10-28,present,
10,2025-10-27,present,
10,2025-10-26,present,
10,2025-10-25,present,
10,2025-10-24,present,
10,2025-10-23,present,
10,2025-10-22,present,
10,2025-10-21,present,
10,2025-10-20,present,
10,2025-10-19,present,
10,2025-10-18,present,
10,2025-10-17,present,
10,2025-10-16,present,
10,2025-10-15,absent,Emergency
10,2025-10-14,present,
10,2025-10-13,absent,
10,2025-10-12,present,
10,2025-10-11,present,
10,2025-10-10,present,
10,2025-10-09,present,
10,2025-10-08,present,
10,2025-10-07,present,
10,2025-10-06,present,
10,2025-10-05,absent,Emergency
10,2025-10-04,half_day,
10,2025-10-03,present,
10,2025-10-02,present,
10,2025-10-01,present,
10,2025-09-30,present,
10,2025-09-29,absent,Sick
10,2025-09-28,present,
10,2025-09-27,present,
10,2025-09-26,leave,Medical
10,2025-09-25,present,
10,2025-09-24,present,
10,2025-09-23,present,
10,2025-09-22,present,
10,2025-09-21,present,
10,2025-09-20,present,
10,2025-09-19,present,
10,2025-09-18,present,
10,2025-09-17,present,
10,2025-09-16,absent,Medical
10,2025-09-15,present,
10,2025-09-14,present,
10,2025-09-13,present,
10,2025-09-12,half_day,
11,2025-12-10,absent,
11,2025-12-09,present,
11,2025-12-08,present,
11,2025-12-07,present,
11,2025-12-06,present,
11,2025-12-05,present,
11,2025-12-04,present,
11,2025-12-03,leave,Festival
11,2025-12-02,present,
11,2025-12-01,present,
11,2025-11-30,present,
11,2025-11-29,present,
11,2025-11-28,present,
11,2025-11-27,present,
11,2025-11-26,present,
11,2025-11-25,present,
11,2025-11-24,leave,Personal
11,2025-11-23,present,
11,2025-11-22,present,
11,2025-11-21,present,
11,2025-11-20,absent,Sick
11,2025-11-19,absent,Medical
11,2025-11-18,absent,Emergency
11,2025-11-17,present,
11,2025-11-16,present,
11,2025-11-15,present,
11,2025-11-14,present,
11,2025-11-13,present,
11,2025-11-12,present,
11,2025-11-11,present,
11,2025-11-10,present,
11,2025-11-09,present,
11,2025-11-08,present,
11,2025-11-07,present,
11,2025-11-06,present,
11,2025-11-05,present,
11,2025-11-04,present,
11,2025-11-03,present,
11,2025-11-02,present,
11,2025-11-01,present,
11,2025-10-31,present,
11,2025-10-30,present,
11,2025-10-29,present,
11,2025-10-28,present,
11,2025-10-27,present,
11,2025-10-26,present,
11,2025-10-25,present,
11,2025-10-24,present,
11,2025-10-23,present,
11,2025-10-22,present,
11,2025-10-21,present,
11,2025-10-20,present,
11,2025-10-19,present,
11,2025-10-18,absent,Emergency
11,2025-10-17,present,
11,2025-10-16,present,
11,2025-10-15,present,
11,2025-10-14,absent,Emergency
11,2025-10-13,present,
11,2025-10-12,present,
11,2025-10-11,present,
11,2025-10-10,present,
11,2025-10-09,present,
11,2025-10-08,half_day,
11,2025-10-07,present,
11,2025-10-06,present,
11,2025-10-05,present,
11,2025-10-04,present,
11,2025-10-03,present,
11,2025-10-02,present,
11,2025-10-01,present,
11,2025-09-30,present,
11,2025-09-29,absent,
11,2025-09-28,present,
11,2025-09-27,present,
11,2025-09-26,present,
11,2025-09-25,present,
11,2025-09-24,present,
11,2025-09-23,absent,
11,2025-09-22,present,
11,2025-09-21,present,
11,2025-09-20,present,
11,2025-09-19,present,
11,2025-09-18,present,
11,2025-09-17,present,
11,2025-09-16,present,
11,2025-09-15,present,
11,2025-09-14,present,
11,2025-09-13,absent,
11,2025-09-12,leave,Personal
12,2025-12-10,present,
12,2025-12-09,present,
12,2025-12-08,present,
12,2025-12-07,present,
12,2025-12-06,present,
12,2025-12-05,leave,Family
12,2025-12-04,present,
12,2025-12-03,present,
12,2025-12-02,present,
12,2025-12-01,absent,Sick
12,2025-11-30,present,
12,2025-11-29,present,
12,2025-11-28,present,
12,2025-11-27,half_day,
12,2025-11-26,present,
12,2025-11-25,half_day,
12,2025-11-24,present,
12,2025-11-23,absent,
12,2025-11-22,present,
12,2025-11-21,present,
12,2025-11-20,present,
12,2025-11-19,present,
12,2025-11-18,present,
12,2025-11-17,present,
12,2025-11-16,present,
12,2025-11-15,present,
12,2025-11-14,present,
12,2025-11-13,present,
12,2025-11-12,present,
12,2025-11-11,present,
12,2025-11-10,present,
12,2025-11-09,present,
12,2025-11-08,present,
12,2025-11-07,present,
12,2025-11-06,present,
12,2025-11-05,present,
12,2025-11-04,present,
12,2025-11-03,present,
12,2025-11-02,present,
12,2025-11-01,present,
12,2025-10-31,present,
12,2025-10-30,present,
12,2025-10-29,present,
12,2025-10-28,present,
12,2025-10-27,present,
12,2025-10-26,present,
12,2025-10-25,present,
12,2025-10-24,present,
12,2025-10-23,present,
12,2025-10-22,present,
12,2025-10-21,present,
12,2025-10-20,present,
12,2025-10-19,absent,Sick
12,2025-10-18,present,
12,2025-10-17,present,
12,2025-10-16,present,
12,2025-10-15,absent,
12,2025-10-14,present,
12,2025-10-13,present,
12,2025-10-12,present,
12,2025-10-11,present,
12,2025-10-10,present,
12,2025-10-09,leave,Personal
12,2025-10-08,absent,
12,2025-10-07,leave,Festival
12,2025-10-06,present,
12,2025-10-05,present,
12,2025-10-04,present,
12,2025-10-03,present,
12,2025-10-02,present,
12,2025-10-01,half_day,
12,2025-09-30,present,
12,2025-09-29,present,
12,2025-09-28,present,
12,2025-09-27,present,
12,2025-09-26,present,
12,2025-09-25,absent,Sick
12,2025-09-24,present,
12,2025-09-23,present,
12,2025-09-22,present,
12,2025-09-21,present,
12,2025-09-20,present,
12,2025-09-19,present,
12,2025-09-18,absent,Emergency
12,2025-09-17,present,
12,2025-09-16,absent,Sick
12,2025-09-15,present,
12,2025-09-14,leave,Medical
12,2025-09-13,present,
12,2025-09-12,present,
13,2025-12-10,present,
13,2025-12-09,present,
13,2025-12-08,present,
13,2025-12-07,leave,Festival
13,2025-12-06,present,
13,2025-12-05,present,
13,2025-12-04,present,
13,2025-12-03,present,
13,2025-12-02,half_day,
13,2025-12-01,present,
13,2025-11-30,present,
13,2025-11-29,present,
13,2025-11-28,present,
13,2025-11-27,present,
13,2025-11-26,present,
13,2025-11-25,leave,Medical
13,2025-11-24,present,
13,2025-11-23,absent,Emergency
13,2025-11-22,present,
13,2025-11-21,present,
13,2025-11-20,present,
13,2025-11-19,present,
13,2025-11-18,leave,Personal
13,2025-11-17,present,
13,2025-11-16,present,
13,2025-11-15,present,
13,2025-11-14,present,
13,2025-11-13,half_day,
13,2025-11-12,present,
13,2025-11-11,leave,Festival
13,2025-11-10,absent,Medical
13,2025-11-09,present,
13,2025-11-08,present,
13,2025-11-07,present,
13,2025-11-06,present,
13,2025-11-05,present,
13,2025-11-04,present,
13,2025-11-03,absent,
13,2025-11-02,present,
13,2025-11-01,present,
13,2025-10-31,present,
13,2025-10-30,present,
13,2025-10-29,present,
13,2025-10-28,present,
13,2025-10-27,present,
13,2025-10-26,present,
13,2025-10-25,present,
13,2025-10-24,present,
13,2025-10-23,present,
13,2025-10-22,leave,Personal
13,2025-10-21,present,
13,2025-10-20,present,
13,2025-10-19,present,
13,2025-10-18,present,
13,2025-10-17,present,
13,2025-10-16,present,
13,2025-10-15,present,
13,2025-10-14,present,
13,2025-10-13,present,
13,2025-10-12,absent,Sick
13,2025-10-11,present,
13,2025-10-10,half_day,
13,2025-10-09,present,
13,2025-10-08,present,
13,2025-10-07,present,
13,2025-10-06,present,
13,2025-10-05,present,
13,2025-10-04,present,
13,2025-10-03,present,
13,2025-10-02,present,
13,2025-10-01,present,
13,2025-09-30,absent,
13,2025-09-29,present,
13,2025-09-28,present,
13,2025-09-27,half_day,
13,2025-09-26,present,
13,2025-09-25,present,
13,2025-09-24,present,
13,2025-09-23,leave,Personal
13,2025-09-22,present,
13,2025-09-21,leave,Medical
13,2025-09-20,leave,Personal
13,2025-09-19,present,
13,2025-09-18,present,
13,2025-09-17,present,
13,2025-09-16,present,
13,2025-09-15,present,
13,2025-09-14,present,
13,2025-09-13,present,
13,2025-09-12,present,
14,2025-12-10,leave,Personal
14,2025-12-09,present,
14,2025-12-08,present,
14,2025-12-07,present,
14,2025-12-06,present,
14,2025-12-05,present,
14,2025-12-04,present,
14,2025-12-03,present,
14,2025-12-02,present,
14,2025-12-01,absent,Sick
14,2025-11-30,present,
14,2025-11-29,present,
14,2025-11-28,present,
14,2025-11-27,present,
14,2025-11-26,present,
14,2025-11-25,present,
14,2025-11-24,present,
14,2025-11-23,present,
14,2025-11-22,present,
14,2025-11-21,present,
14,2025-11-20,present,
14,2025-11-19,present,
14,2025-11-18,present,
14,2025-11-17,present,
14,2025-11-16,present,
14,2025-11-15,present,
14,2025-11-14,present,
14,2025-11-13,present,
14,2025-11-12,present,
14,2025-11-11,present,
14,2025-11-10,present,
14,2025-11-09,present,
14,2025-11-08,present,
14,2025-11-07,present,
14,2025-11-06,present,
14,2025-11-05,present,
14,2025-11-04,leave,Festival
14,2025-11-03,present,
14,2025-11-02,present,
14,2025-11-01,present,
14,2025-10-31,present,
14,2025-10-30,present,
14,2025-10-29,leave,Family
14,2025-10-28,leave,Personal
14,2025-10-27,leave,Medical
14,2025-10-26,present,
14,2025-10-25,absent,Medical
14,2025-10-24,present,
14,2025-10-23,present,
14,2025-10-22,half_day,
14,2025-10-21,absent,Medical
14,2025-10-20,present,
14,2025-10-19,present,
14,2025-10-18,absent,Medical
14,2025-10-17,present,
14,2025-10-16,present,
14,2025-10-15,present,
14,2025-10-14,present,
14,2025-10-13,present,
14,2025-10-12,present,
14,2025-10-11,present,
14,2025-10-10,present,
14,2025-10-09,present,
14,2025-10-08,present,
14,2025-10-07,present,
14,2025-10-06,present,
14,2025-10-05,present,
14,2025-10-04,half_day,
14,2025-10-03,present,
14,2025-10-02,present,
14,2025-10-01,present,
14,2025-09-30,present,
14,2025-09-29,present,
14,2025-09-28,leave,Festival
14,2025-09-27,present,
14,2025-09-26,present,
14,2025-09-25,present,
14,2025-09-24,half_day,
14,2025-09-23,present,
14,2025-09-22,present,
14,2025-09-21,present,
14,2025-09-20,present,
14,2025-09-19,present,
14,2025-09-18,present,
14,2025-09-17,present,
14,2025-09-16,present,
14,2025-09-15,leave,Personal
14,2025-09-14,present,
14,2025-09-13,half_day,
14,2025-09-12,leave,Family
15,2025-12-10,present,
15,2025-12-09,present,
15,2025-12-08,present,
15,2025-12-07,leave,Festival
15,2025-12-06,leave,Family
15,2025-12-05,present,
15,2025-12-04,present,
15,2025-12-03,present,
15,2025-12-02,present,
15,2025-12-01,present,
15,2025-11-30,present,
15,2025-11-29,present,
15,2025-11-28,present,
15,2025-11-27,present,
15,2025-11-26,present,
15,2025-11-25,present,
15,2025-11-24,present,
15,2025-11-23,present,
15,2025-11-22,present,
15,2025-11-21,present,
15,2025-11-20,present,
15,2025-11-19,present,
15,2025-11-18,absent,Emergency
15,2025-11-17,present,
15,2025-11-16,present,
15,2025-11-15,present,
15,2025-11-14,present,
15,2025-11-13,present,
15,2025-11-12,leave,Family
15,2025-11-11,present,
15,2025-11-10,present,
15,2025-11-09,present,
15,2025-11-08,present,
15,2025-11-07,present,
15,2025-11-06,absent,
15,2025-11-05,present,
15,2025-11-04,half_day,
15,2025-11-03,present,
15,2025-11-02,present,
15,2025-11-01,present,
15,2025-10-31,present,
15,2025-10-30,present,
15,2025-10-29,present,
15,2025-10-28,absent,
15,2025-10-27,present,
15,2025-10-26,present,
15,2025-10-25,present,
15,2025-10-24,present,
15,2025-10-23,absent,Sick
15,2025-10-22,present,
15,2025-10-21,absent,Medical
15,2025-10-20,present,
15,2025-10-19,present,
15,2025-10-18,present,
15,2025-10-17,present,
15,2025-10-16,present,
15,2025-10-15,present,
15,2025-10-14,present,
15,2025-10-13,present,
15,2025-10-12,absent,
15,2025-10-11,present,
15,2025-10-10,leave,Festival
15,2025-10-09,present,
15,2025-10-08,present,
15,2025-10-07,present,
15,2025-10-06,present,
15,2025-10-05,absent,
15,2025-10-04,present,
15,2025-10-03,present,
15,2025-10-02,present,
15,2025-10-01,present,
15,2025-09-30,present,
15,2025-09-29,absent,Sick
15,2025-09-28,present,
15,2025-09-27,present,
15,2025-09-26,present,
15,2025-09-25,present,
15,2025-09-24,absent,Emergency
15,2025-09-23,absent,Emergency
15,2025-09-22,present,
15,2025-09-21,absent,Medical
15,2025-09-20,present,
15,2025-09-19,present,
15,2025-09-18,leave,Personal
15,2025-09-17,present,
15,2025-09-16,present,
15,2025-09-15,present,
15,2025-09-14,present,
15,2025-09-13,present,
15,2025-09-12,leave,Family
16,2025-12-10,present,
16,2025-12-09,present,
16,2025-12-08,present,
16,2025-12-07,present,
16,2025-12-06,half_day,
16,2025-12-05,present,
16,2025-12-04,absent,
16,2025-12-03,present,
16,2025-12-02,present,
16,2025-12-01,present,
16,2025-11-30,absent,Sick
16,2025-11-29,present,
16,2025-11-28,present,
16,2025-11-27,present,
16,2025-11-26,present,
16,2025-11-25,present,
16,2025-11-24,present,
16,2025-11-23,present,
16,2025-11-22,half_day,
16,2025-11-21,present,
16,2025-11-20,present,
16,2025-11-19,present,
16,2025-11-18,present,
16,2025-11-17,absent,Emergency
16,2025-11-16,present,
16,2025-11-15,present,
16,2025-11-14,half_day,
16,2025-11-13,present,
16,2025-11-12,present,
16,2025-11-11,half_day,
16,2025-11-10,present,
16,2025-11-09,present,
16,2025-11-08,absent,
16,2025-11-07,present,
16,2025-11-06,present,
16,2025-11-05,present,
16,2025-11-04,present,
16,2025-11-03,present,
16,2025-11-02,present,
16,2025-11-01,present,
16,2025-10-31,present,
16,2025-10-30,present,
16,2025-10-29,present,
16,2025-10-28,present,
16,2025-10-27,present,
16,2025-10-26,present,
16,2025-10-25,absent,Emergency
16,2025-10-24,present,
16,2025-10-23,absent,Sick
16,2025-10-22,present,
16,2025-10-21,absent,Medical
16,2025-10-20,absent,Sick
16,2025-10-19,half_day,
16,2025-10-18,present,
16,2025-10-17,present,
16,2025-10-16,present,
16,2025-10-15,present,
16,2025-10-14,present,
16,2025-10-13,present,
16,2025-10-12,present,
16,2025-10-11,present,
16,2025-10-10,present,
16,2025-10-09,present,
16,2025-10-08,present,
16,2025-10-07,present,
16,2025-10-06,present,
16,2025-10-05,leave,Personal
16,2025-10-04,present,
16,2025-10-03,present,
16,2025-10-02,present,
16,2025-10-01,leave,Family
16,2025-09-30,present,
16,2025-09-29,present,
16,2025-09-28,present,
16,2025-09-27,absent,Sick
16,2025-09-26,present,
16,2025-09-25,leave,Family
16,2025-09-24,present,
16,2025-09-23,absent,Sick
16,2025-09-22,present,
16,2025-09-21,absent,Emergency
16,2025-09-20,present,
16,2025-09-19,present,
16,2025-09-18,present,
16,2025-09-17,present,
16,2025-09-16,absent,Emergency
16,2025-09-15,present,
16,2025-09-14,present,
16,2025-09-13,present,
16,2025-09-12,absent,Emergency
17,2025-12-10,present,
17,2025-12-09,present,
17,2025-12-08,present,
17,2025-12-07,present,
17,2025-12-06,present,
17,2025-12-05,leave,Personal
17,2025-12-04,leave,Medical
17,2025-12-03,leave,Family
17,2025-12-02,present,
17,2025-12-01,present,
17,2025-11-30,present,
17,2025-11-29,present,
17,2025-11-28,present,
17,2025-11-27,present,
17,2025-11-26,present,
17,2025-11-25,present,
17,2025-11-24,half_day,
17,2025-11-23,present,
17,2025-11-22,present,
17,2025-11-21,present,
17,2025-11-20,absent,Medical
17,2025-11-19,present,
17,2025-11-18,present,
17,2025-11-17,present,
17,2025-11-16,present,
17,2025-11-15,present,
17,2025-11-14,present,
17,2025-11-13,present,
17,2025-11-12,present,
17,2025-11-11,present,
17,2025-11-10,present,
17,2025-11-09,present,
17,2025-11-08,present,
17,2025-11-07,present,
17,2025-11-06,present,
17,2025-11-05,leave,Festival
17,2025-11-04,present,
17,2025-11-03,present,
17,2025-11-02,leave,Medical
17,2025-11-01,absent,
17,2025-10-31,present,
17,2025-10-30,leave,Personal
17,2025-10-29,present,
17,2025-10-28,present,
17,2025-10-27,present,
17,2025-10-26,present,
17,2025-10-25,present,
17,2025-10-24,present,
17,2025-10-23,present,
17,2025-10-22,present,
17,2025-10-21,present,
17,2025-10-20,present,
17,2025-10-19,present,
17,2025-10-18,present,
17,2025-10-17,present,
17,2025-10-16,present,
17,2025-10-15,present,
17,2025-10-14,present,
17,2025-10-13,present,
17,2025-10-12,absent,Emergency
17,2025-10-11,present,
17,2025-10-10,present,
17,2025-10-09,absent,Sick
17,2025-10-08,present,
17,2025-10-07,absent,
17,2025-10-06,absent,Sick
17,2025-10-05,leave,Medical
17,2025-10-04,leave,Medical
17,2025-10-03,present,
17,2025-10-02,leave,Personal
17,2025-10-01,leave,Personal
17,2025-09-30,present,
17,2025-09-29,present,
17,2025-09-28,absent,Sick
17,2025-09-27,present,
17,2025-09-26,present,
17,2025-09-25,present,
17,2025-09-24,present,
17,2025-09-23,present,
17,2025-09-22,present,
17,2025-09-21,present,
17,2025-09-20,present,
17,2025-09-19,present,
17,2025-09-18,present,
17,2025-09-17,present,
17,2025-09-16,absent,Medical
17,2025-09-15,present,
17,2025-09-14,present,
17,2025-09-13,present,
17,2025-09-12,present,
18,2025-12-10,present,
18,2025-12-09,absent,Sick
18,2025-12-08,present,
18,2025-12-07,present,
18,2025-12-06,present,
18,2025-12-05,present,
18,2025-12-04,absent,Medical
18,2025-12-03,present,
18,2025-12-02,present,
18,2025-12-01,present,
18,2025-11-30,present,
18,2025-11-29,present,
18,2025-11-28,present,
18,2025-11-27,present,
18,2025-11-26,present,
18,2025-11-25,present,
18,2025-11-24,present,
18,2025-11-23,leave,Medical
18,2025-11-22,present,
18,2025-11-21,present,
18,2025-11-20,half_day,
18,2025-11-19,present,
18,2025-11-18,present,
18,2025-11-17,present,
18,2025-11-16,leave,Family
18,2025-11-15,absent,
18,2025-11-14,leave,Festival
18,2025-11-13,present,
18,2025-11-12,present,
18,2025-11-11,present,
18,2025-11-10,half_day,
18,2025-11-09,present,
18,2025-11-08,present,
18,2025-11-07,present,
18,2025-11-06,present,
18,2025-11-05,present,
18,2025-11-04,present,
18,2025-11-03,present,
18,2025-11-02,present,
18,2025-11-01,present,
18,2025-10-31,half_day,
18,2025-10-30,present,
18,2025-10-29,present,
18,2025-10-28,present,
18,2025-10-27,present,
18,2025-10-26,present,
18,2025-10-25,present,
18,2025-10-24,present,
18,2025-10-23,leave,Festival
18,2025-10-22,present,
18,2025-10-21,present,
18,2025-10-20,present,
18,2025-10-19,present,
18,2025-10-18,present,
18,2025-10-17,present,
18,2025-10-16,absent,Emergency
18,2025-10-15,leave,Personal
18,2025-10-14,present,
18,2025-10-13,present,
18,2025-10-12,present,
18,2025-10-11,present,
18,2025-10-10,absent,Sick
18,2025-10-09,present,
18,2025-10-08,present,
18,2025-10-07,present,
18,2025-10-06,present,
18,2025-10-05,present,
18,2025-10-04,leave,Personal
18,2025-10-03,present,
18,2025-10-02,absent,Emergency
18,2025-10-01,present,
18,2025-09-30,present,
18,2025-09-29,leave,Family
18,2025-09-28,present,
18,2025-09-27,leave,Family
18,2025-09-26,present,
18,2025-09-25,present,
18,2025-09-24,half_day,
18,2025-09-23,present,
18,2025-09-22,present,
18,2025-09-21,present,
18,2025-09-20,half_day,
18,2025-09-19,present,
18,2025-09-18,present,
18,2025-09-17,present,
18,2025-09-16,leave,Medical
18,2025-09-15,present,
18,2025-09-14,present,
18,2025-09-13,present,
18,2025-09-12,present,
19,2025-12-10,present,
19,2025-12-09,present,
19,2025-12-08,absent,
19,2025-12-07,present,
19,2025-12-06,present,
19,2025-12-05,present,
19,2025-12-04,present,
19,2025-12-03,present,
19,2025-12-02,leave,Medical
19,2025-12-01,present,
19,2025-11-30,present,
19,2025-11-29,present,
19,2025-11-28,present,
19,2025-11-27,present,
19,2025-11-26,present,
19,2025-11-25,present,
19,2025-11-24,half_day,
19,2025-11-23,half_day,
19,2025-11-22,half_day,
19,2025-11-21,half_day,
19,2025-11-20,present,
19,2025-11-19,present,
19,2025-11-18,present,
19,2025-11-17,present,
19,2025-11-16,present,
19,2025-11-15,present,
19,2025-11-14,present,
19,2025-11-13,half_day,
19,2025-11-12,present,
19,2025-11-11,absent,Emergency
19,2025-11-10,present,
19,2025-11-09,present,
19,2025-11-08,absent,
19,2025-11-07,present,
19,2025-11-06,present,
19,2025-11-05,present,
19,2025-11-04,present,
19,2025-11-03,present,
19,2025-11-02,present,
19,2025-11-01,present,
19,2025-10-31,present,
19,2025-10-30,present,
19,2025-10-29,leave,Medical
19,2025-10-28,present,
19,2025-10-27,half_day,
19,2025-10-26,present,
19,2025-10-25,present,
19,2025-10-24,present,
19,2025-10-23,present,
19,2025-10-22,present,
19,2025-10-21,present,
19,2025-10-20,present,
19,2025-10-19,present,
19,2025-10-18,present,
19,2025-10-17,present,
19,2025-10-16,present,
19,2025-10-15,present,
19,2025-10-14,present,
19,2025-10-13,absent,Emergency
19,2025-10-12,present,
19,2025-10-11,present,
19,2025-10-10,half_day,
19,2025-10-09,present,
19,2025-10-08,present,
19,2025-10-07,present,
19,2025-10-06,present,
19,2025-10-05,half_day,
19,2025-10-04,present,
19,2025-10-03,present,
19,2025-10-02,leave,Family
19,2025-10-01,present,
19,2025-09-30,present,
19,2025-09-29,present,
19,2025-09-28,absent,Medical
19,2025-09-27,leave,Festival
19,2025-09-26,absent,Emergency
19,2025-09-25,present,
19,2025-09-24,present,
19,2025-09-23,present,
19,2025-09-22,present,
19,2025-09-21,present,
19,2025-09-20,present,
19,2025-09-19,present,
19,2025-09-18,half_day,
19,2025-09-17,absent,
19,2025-09-16,present,
19,2025-09-15,present,
19,2025-09-14,present,
19,2025-09-13,present,
19,2025-09-12,present,
20,2025-12-10,present,
20,2025-12-09,present,
20,2025-12-08,absent,Sick
20,2025-12-07,present,
20,2025-12-06,present,
20,2025-12-05,present,
20,2025-12-04,present,
20,2025-12-03,present,
20,2025-12-02,present,
20,2025-12-01,present,
20,2025-11-30,present,
20,2025-11-29,present,
20,2025-11-28,present,
20,2025-11-27,present,
20,2025-11-26,leave,Personal
20,2025-11-25,present,
20,2025-11-24,present,
20,2025-11-23,leave,Festival
20,2025-11-22,present,
20,2025-11-21,present,
20,2025-11-20,present,
20,2025-11-19,present,
20,2025-11-18,absent,
20,2025-11-17,present,
20,2025-11-16,present,
20,2025-11-15,leave,Personal
20,2025-11-14,present,
20,2025-11-13,present,
20,2025-11-12,present,
20,2025-11-11,absent,
20,2025-11-10,present,
20,2025-11-09,present,
20,2025-11-08,leave,Medical
20,2025-11-07,present,
20,2025-11-06,present,
20,2025-11-05,present,
20,2025-11-04,present,
20,2025-11-03,present,
20,2025-11-02,present,
20,2025-11-01,present,
20,2025-10-31,present,
20,2025-10-30,present,
20,2025-10-29,present,
20,2025-10-28,present,
20,2025-10-27,present,
20,2025-10-26,present,
20,2025-10-25,present,
20,2025-10-24,present,
20,2025-10-23,present,
20,2025-10-22,present,
20,2025-10-21,present,
20,2025-10-20,present,
20,2025-10-19,present,
20,2025-10-18,present,
20,2025-10-17,present,
20,2025-10-16,present,
20,2025-10-15,leave,Personal
20,2025-10-14,present,
20,2025-10-13,present,
20,2025-10-12,present,
20,2025-10-11,present,
20,2025-10-10,present,
20,2025-10-09,present,
20,2025-10-08,present,
20,2025-10-07,present,
20,2025-10-06,present,
20,2025-10-05,present,
20,2025-10-04,half_day,
20,2025-10-03,present,
20,2025-10-02,leave,Family
20,2025-10-01,present,
20,2025-09-30,present,
20,2025-09-29,present,
20,2025-09-28,present,
20,2025-09-27,present,
20,2025-09-26,present,
20,2025-09-25,present,
20,2025-09-24,present,
20,2025-09-23,present,
20,2025-09-22,present,
20,2025-09-21,present,
20,2025-09-20,half_day,
20,2025-09-19,absent,Medical
20,2025-09-18,present,
20,2025-09-17,present,
20,2025-09-16,present,
20,2025-09-15,present,
20,2025-09-14,present,
20,2025-09-13,present,
20,2025-09-12,present,
